Names, Tweets, Email, address, Likes
Mace, Thank you for your (guidence)44** Sr which i couldn't have got with you, asd@123, asd 123 jhf, 4
Paul, %Good Morning%,rtyhju@897, rty 456 oil, 3
Iris, @First Impression, uilkhh@098, utd 567 oidw, 0
Tom, ^@Looks like you, njkliws@he7891, uytjbsg 98625 pilbsg, 5
Juliet, #Great work#, nxgqcsdy@219874, twydq 092897 plihsbt, 9
Harry, $Great day, nxgqcsdy@219874, twydq 092897 plihsbt, 9
Thomas, #Love all#, uilkhh@098, utd 567 oidw, 0
Johnson, Good evening! Hope you are doing #Good#, asd@123, asd 123 jhf, 4
Jennifer, Good Morning!,rtyhju@897, rty 456 oil, 3
Aliza, Good Morning,rtyhju@897, rty 456 oil, 3
Johnatus, Will miss u always,rtyhju@897, rty 456 oil, 3
Arthur, Keep Going,rtyhju@897, rty 456 oil, 3
Marry, All the Best!,rtyhju@897, rty 456 oil, 3
Michael, We won!,rtyhju@897, rty 456 oil, 3
